{"cameraMode":{"drawMode":0,"name":"Shaded","section":"Shading Mode"},"sceneLighting":true,"audioPlay":false,"sceneViewState":{"m_AlwaysRefresh":false,"showFog":true,"showSkybox":true,"showFlares":true,"showImageEffects":true,"showParticleSystems":true,"showVisualEffectGraphs":true,"m_FxEnabled":true},"in2DMode":false,"pivot":{"x":-459.7860412597656,"y":0.34825462102890017,"z":126.96160888671875},"rotation":{"x":0.32532986998558047,"y":-0.5587692856788635,"z":0.25246113538742068,"w":0.7199414968490601},"size":90.25599670410156,"orthographic":true}