{"cameraMode":{"drawMode":0,"name":"Shaded","section":"Shading Mode"},"sceneLighting":true,"audioPlay":false,"sceneViewState":{"m_AlwaysRefresh":false,"showFog":true,"showSkybox":true,"showFlares":true,"showImageEffects":true,"showParticleSystems":true,"showVisualEffectGraphs":true,"m_FxEnabled":true},"in2DMode":false,"pivot":{"x":-359.36468505859377,"y":2.8939990997314455,"z":85.9215087890625},"rotation":{"x":-0.05904831737279892,"y":-0.025453854352235795,"z":-0.0015058965655043722,"w":0.9979321360588074},"size":10.788238525390625,"orthographic":true}