{"cameraMode":{"drawMode":0,"name":"Shaded","section":"Shading Mode"},"sceneLighting":true,"audioPlay":false,"sceneViewState":{"m_AlwaysRefresh":false,"showFog":true,"showSkybox":true,"showFlares":true,"showImageEffects":true,"showParticleSystems":true,"showVisualEffectGraphs":true,"m_FxEnabled":true},"in2DMode":false,"pivot":{"x":-361.8561706542969,"y":2.4358301162719728,"z":86.8448715209961},"rotation":{"x":-0.004040378611534834,"y":-0.8385387659072876,"z":0.006197413429617882,"w":-0.5448470711708069},"size":0.006973312236368656,"orthographic":false}